"Date","Total_Public_Debt","Fed_Funds_Rate","Fixed_30_Rate","House_Price_Index"
"1975-01-01","509659","3.87","9.29","59.78"
"1975-04-01","533188","5.48","8.84","60.74"
"1975-07-01","553647","6.12","8.89","61.02"
"1975-10-01","576649","6.24","9.24","62.19"
"1976-01-01","600490","5.37","8.90","62.73"
"1976-04-01","620432","4.83","8.75","65.28"
"1976-07-01","634701","5.58","8.98","66.39"
"1976-10-01","653543","5.32","8.90","67.08"
"1977-01-01","669207","4.17","8.73","69.34"
"1977-04-01","674425","4.72","8.78","72.49"
"1977-07-01","698840","5.36","8.93","74.16"
"1977-10-01","718943","6.46","8.90","76.92"
"1978-01-01","737951","6.53","9.05","79.30"
"1978-04-01","749024","6.97","9.43","82.28"
"1978-07-01","771544","8.01","9.75","85.11"
"1978-10-01","789207","8.90","9.88","87.46"
"1979-01-01","796792","10.84","10.40","91.37"
"1979-04-01","804913","10.07","10.53","94.44"
"1979-07-01","826519","10.54","11.08","96.48"
"1979-10-01","845116","12.06","12.00","98.25"
"1980-01-01","863451","14.77","12.89","100.00"
"1980-04-01","877614","19.79","16.25","101.62"
"1980-07-01","907701","9.47","12.18","104.43"
"1980-10-01","930210","13.05","14.00","104.57"
"1981-01-01","964531","22.00","15.07","105.08"
"1981-04-01","971174","14.51","15.77","107.33"
"1981-07-01","997855","21.09","17.11","108.85"
"1981-10-01","1028729","16.96","18.44","107.54"
"1982-01-01","1061299","13.13","17.59","106.17"
"1982-04-01","1079630","15.48","16.81","108.61"
"1982-07-01","1142035","14.73","16.65","106.85"
"1982-10-01","1197074","10.87","14.15","111.54"
"1983-01-01","1244493","11.20","13.10","114.33"
"1983-04-01","1319581","9.12","12.73","115.78"
"1983-07-01","1377211","9.31","13.65","116.80"
"1983-10-01","1410702","10.59","13.43","117.54"
"1984-01-01","1463741","9.92","13.29","119.28"
"1984-04-01","1512697","10.24","13.73","120.90"
"1984-07-01","1572267","10.85","14.67","122.02"
"1984-10-01","1662966","11.38","14.05","123.02"
"1985-01-01","1710731","8.74","12.96","124.72"
"1985-04-01","1774640","8.83","13.12","126.62"
"1985-07-01","1823103","8.12","12.03","128.59"
"1985-10-01","1945942","8.26","12.07","130.04"
"1986-01-01","1986816","13.46","10.89","132.55"
"1986-04-01","2059349","7.49","9.86","135.34"
"1986-07-01","2125304","6.97","10.40","137.41"
"1986-10-01","2214835","5.99","9.89","139.53"
"1987-01-01","2246724","14.35","9.08","142.29"
"1987-04-01","2309296","6.22","10.37","144.50"
"1987-07-01","2350277","6.07","10.27","146.18"
"1987-10-01","2431715","7.71","10.97","147.12"
"1988-01-01","2487551","6.89","10.16","149.40"
"1988-04-01","2547656","6.70","10.28","152.39"
"1988-07-01","2602183","7.75","10.49","153.98"
"1988-10-01","2684392","8.54","10.22","155.38"
"1989-01-01","2740898","9.04","10.60","157.24"
"1989-04-01","2799923","9.79","11.03","159.37"
"1989-07-01","2857431","9.63","9.81","162.76"
"1989-10-01","2952994","9.24","9.82","164.10"
"1990-01-01","3051958","7.97","10.05","165.03"
"1990-04-01","3143754","8.30","10.56","165.73"
"1990-07-01","3233313","8.32","9.98","166.75"
"1990-10-01","3364820","8.25","10.17","166.09"
"1991-01-01","3465189","5.53","9.61","167.48"
"1991-04-01","3537988","6.48","9.53","168.59"
"1991-07-01","3665303","6.38","9.50","168.92"
"1991-10-01","3801698","5.40","8.91","171.27"
"1992-01-01","3881288","4.09","8.68","172.60"
"1992-04-01","3984656","4.98","8.85","172.55"
"1992-07-01","4064621","3.89","8.05","174.53"
"1992-10-01","4177009","3.58","8.21","175.40"
"1993-01-01","4230580","2.66","7.86","175.47"
"1993-04-01","4351950","3.31","7.43","177.16"
"1993-07-01","4411489","3.27","7.25","178.60"
"1993-10-01","4535687","3.19","6.86","180.06"
"1994-01-01","4575869","2.85","6.97","181.18"
"1994-04-01","4645802","3.64","8.32","182.25"
"1994-07-01","4692750","3.82","8.57","183.02"
"1994-10-01","4800150","5.44","9.03","182.85"
"1995-01-01","4864116","4.94","9.13","183.81"
"1995-04-01","4951372","6.30","8.26","186.84"
"1995-07-01","4973983","6.11","7.79","189.71"
"1995-10-01","4988665","6.20","7.45","191.18"
"1996-01-01","5117786","4.73","7.00","193.31"
"1996-04-01","5161076","5.53","7.92","193.63"
"1996-07-01","5224811","7.80","8.19","194.49"
"1996-10-01","5323172","5.53","7.86","196.01"
"1997-01-01","5380890","6.26","7.88","197.63"
"1997-04-01","5376151","6.18","8.08","199.27"
"1997-07-01","5413146","6.24","7.43","201.98"
"1997-10-01","5502388","5.65","7.21","204.61"
"1998-01-01","5542426","5.84","7.12","207.68"
"1998-04-01","5547935","5.72","7.15","209.51"
"1998-07-01","5526193","6.35","6.97","212.46"
"1998-10-01","5614217","5.73","6.83","214.97"
"1999-01-01","5651615","4.07","6.74","217.23"
"1999-04-01","5638780","5.41","6.93","220.12"
"1999-07-01","5656271","5.76","7.70","223.25"
"1999-10-01","5776091","5.26","7.96","225.53"
"2000-01-01","5773392","3.99","8.25","229.84"
"2000-04-01","5685938","6.17","8.13","233.60"
"2000-07-01","5674179","6.86","8.13","237.86"
"2000-10-01","5662216","6.60","7.68","241.50"
"2001-01-01","5773740","5.41","7.15","247.48"
"2001-04-01","5726815","5.29","7.12","251.63"
"2001-07-01","5807464","3.95","7.03","255.53"
"2001-10-01","5943439","3.02","6.64","258.69"
"2002-01-01","6006032","1.52","6.96","262.39"
"2002-04-01","6126469","1.88","6.88","266.88"
"2002-07-01","6228236","1.83","6.34","272.17"
"2002-10-01","6405707","1.85","6.31","276.03"
"2003-01-01","6460776","1.16","5.90","279.39"
"2003-04-01","6670121","1.29","5.79","282.81"
"2003-07-01","6783320","1.11","5.94","287.17"
"2003-10-01","6997964","1.11","5.94","295.28"
"2004-01-01","7131068","0.94","5.68","299.93"
"2004-04-01","7274335","1.03","6.01","307.26"
"2004-07-01","7379053","1.40","6.08","318.97"
"2004-10-01","7596143","1.86","5.64","325.81"
"2005-01-01","7776939","1.97","5.66","333.30"
"2005-04-01","7836496","2.83","5.78","343.99"
"2005-07-01","7932710","3.36","5.77","354.40"
"2005-10-01","8170413","3.93","6.15","362.44"
"2006-01-01","8371156","4.09","6.12","368.17"
"2006-04-01","8420042","5.00","6.58","371.97"
"2006-07-01","8506974","5.05","6.72","375.02"
"2006-10-01","8680224","5.34","6.40","378.87"
"2007-01-01","8849665","5.17","6.25","380.28"
"2007-04-01","8867677","5.30","6.16","380.03"
"2007-07-01","9007653","5.31","6.69","375.78"
"2007-10-01","9229172","4.92","6.33","374.56"
"2008-01-01","9437594","3.06","5.68","371.80"
"2008-04-01","9492006","2.38","6.03","362.41"
"2008-07-01","10024725","2.11","6.52","351.00"
"2008-10-01","10699805","1.15","6.46","347.76"
"2009-01-01","11126941","0.14","5.10","350.32"
"2009-04-01","11545275","0.16","4.78","341.14"
"2009-07-01","11909828","0.20","5.25","332.25"
"2009-10-01","12311349","0.11","5.03","329.71"
"2010-01-01","12773123","0.05","4.98","325.78"
"2010-04-01","13201792","0.17","5.06","322.83"
"2010-07-01","13561622","0.17","4.54","325.95"
"2010-10-01","14025215","0.20","4.23","323.63"
"2011-01-01","14270114","0.13","4.80","314.64"
"2011-04-01","14343087","0.11","4.78","309.10"
"2011-07-01","14790340","0.08","4.55","311.40"
"2011-10-01","15222940","0.06","4.10","312.84"
"2012-01-01","15606518","0.04","3.98","309.55"
"2012-04-01","15855037","0.09","3.88","308.15"
"2012-07-01","16066240","0.09","3.49","312.24"
"2012-10-01","16432730","0.15","3.41","314.70"
"2013-01-01","16771381","0.09","3.53","316.24"
"2013-04-01","16738320","0.16","3.40","321.08"
"2013-07-01","16738180","0.10","4.31","325.64"
"2013-10-01","17156119","0.08","4.10","328.23"
"2014-01-01","17601227","0.07","4.32","330.91"
"2014-04-01","17632606","0.08","4.33","337.34"
"2014-07-01","17824071","0.10","4.12","342.19"
"2014-10-01","18141444","0.09","3.98","344.97"
"2015-01-01","18152056","0.06","3.66","348.78"
"2015-04-01","18151998","0.12","3.68","354.43"
"2015-07-01","18150618","0.13","3.98","359.45"
"2015-10-01","18922179","0.13","3.76","362.33"
"2016-01-01","19264939","0.20","3.79","365.67"
"2016-04-01","19381591","0.37","3.66","372.48"
"2016-07-01","19573445","0.41","3.48","379.14"
"2016-10-01","19976827","0.29","3.47","382.07"
"2017-01-01","19846420","0.55","4.19","384.77"
"2017-04-01","19844554","0.82","4.03","393.37"
"2017-07-01","20244900","1.06","3.92","399.44"
"2017-10-01","20492747","1.06","3.94","402.75"
"2018-01-01","21089643","1.42","4.15","408.41"
"2018-04-01","21195070","1.67","4.58","415.90"
"2018-07-01","21516058","1.91","4.54","420.99"
"2018-10-01","21974096","2.18","4.86","422.42"
"2019-01-01","22027880","2.40","4.46","427.16"
"2019-04-01","22023283","2.41","4.20","434.30"
"2019-07-01","22719402","2.39","3.75","439.83"
"2019-10-01","23201380","1.88","3.78","443.75"
"2020-01-01","23223813","1.55","3.51","448.89"
"2020-04-01","26477241","0.06","3.23","453.41"
"2020-07-01","26945391","0.08","2.99","461.39"
"2020-10-01","27747798","0.09","2.81","471.51"
"2021-01-01","28132570","0.09","2.73","482.93"
"2021-04-01","28529436","0.07","2.98","509.74"
"2021-07-01","28428919","0.10","2.80","538.13"
"2021-10-01","29617215","0.08","3.14","556.58"
"2022-01-01","30400960","0.08","3.55","576.94"
"2022-04-01","30568582","0.33","5.10","614.56"
"2022-07-01","30928912","1.58","5.30","624.40"
"2022-10-01","31419689","3.08","7.08","618.49"
"2023-01-01","31458438","4.33","6.13","622.13"
"2023-04-01","32332274","4.83","6.43","640.75"
"2023-07-01","33167334","5.08","6.81","652.13"
"2023-10-01","34001494","5.33","7.79","653.93"
"2024-01-01","34586533","5.33","6.69","662.70"
"2024-04-01","34831634","5.33","7.17","679.36"
"2024-07-01","35464674","5.33","6.78","686.41"
"2024-10-01","36218605","4.83","6.72","689.54"
"2025-01-01","36214310","4.33","6.95","693.76"
